nnk1,nnk2,count,NNGA,NNGT,NNGC,NNGG
Asn,Asn,57,0.06432748585939407,0.008771929889917374,0.04385964944958687,0.046783626079559326
Asn,Asp,14,0.02380952425301075,0.011904762126505375,0.02380952425301075,0.011904762126505375
Asn,Gln,5,0.03333333134651184,0.0,0.0,0.0
Asn,Glu,6,0.0555555559694767,0.0,0.0,0.0
Asn,His,45,0.04444444552063942,0.02222222276031971,0.018518518656492233,0.03333333134651184
Asn,Lys,10,0.13333334028720856,0.01666666753590107,0.05000000074505806,0.15000000596046448
Asn,Arg,14,0.0714285746216774,0.0833333358168602,0.02380952425301075,0.0595238097012043
Asn,Phe,23,0.09420289844274521,0.05797101557254791,0.050724636763334274,0.07246376574039459
Asn,Tyr,13,0.025641025975346565,0.0,0.0,0.025641025975346565
Asn,Trp,58,0.08908046036958694,0.017241379246115685,0.04022988677024841,0.054597701877355576
Asn,Cys,9,0.0,0.03703703731298447,0.018518518656492233,0.0
Asn,Met,5,0.13333334028720856,0.0,0.13333334028720856,0.10000000149011612
Asn,Ser,21,0.0555555559694767,0.01587301678955555,0.0634920597076416,0.0793650820851326
Asn,Thr,235,0.1489361673593521,0.014184396713972092,0.042553190141916275,0.042553190141916275
Asn,Ala,26,0.12820512056350708,0.019230768084526062,0.06410256028175354,0.025641025975346565
Asn,Gly,23,0.036231882870197296,0.014492753893136978,0.10144927352666855,0.043478261679410934
Asn,Pro,15,0.03333333134651184,0.011111111380159855,0.0,0.0555555559694767
Asn,Val,15,0.10000000149011612,0.02222222276031971,0.02222222276031971,0.07777778059244156
Asn,Ile,31,0.04301075264811516,0.02150537632405758,0.016129031777381897,0.04301075264811516
Asn,Leu,26,0.044871795922517776,0.025641025975346565,0.012820512987673283,0.044871795922517776
Asp,Asn,47,0.06382978707551956,0.014184396713972092,0.03191489353775978,0.028368793427944183
Asp,Asp,8,0.0,0.0,0.0,0.0
Asp,Gln,2,0.1666666716337204,0.0,0.0,0.0833333358168602
Asp,Glu,23,0.014492753893136978,0.0,0.007246376946568489,0.06521739065647125
Asp,His,10,0.01666666753590107,0.03333333134651184,0.0,0.03333333134651184
Asp,Lys,135,0.034567900002002716,0.016049383208155632,0.043209876865148544,0.03333333134651184
Asp,Arg,74,0.054054055362939835,0.022522522136569023,0.022522522136569023,0.038288287818431854
Asp,Phe,20,0.03333333134651184,0.00833333283662796,0.03333333134651184,0.0
Asp,Tyr,42,0.0595238097012043,0.02777777798473835,0.0357142873108387,0.0476190485060215
Asp,Trp,10,0.06666667014360428,0.01666666753590107,0.0,0.05000000074505806
Asp,Cys,16,0.03125,0.010416666977107525,0.03125,0.0208333320915699
Asp,Met,26,0.12179487198591232,0.0,0.025641025975346565,0.057692307978868484
Asp,Ser,2660,0.1775689274072647,0.01898496225476265,0.06284461170434952,0.12926065921783447
Asp,Thr,37,0.06306306272745132,0.009009009227156639,0.004504505079239607,0.022522522136569023
Asp,Ala,102,0.09313725680112839,0.011437907814979553,0.013071894645690918,0.047385621815919876
Asp,Gly,42,0.0515873022377491,0.003968254197388887,0.02777777798473835,0.0357142873108387
Asp,Pro,28,0.095238097012043,0.011904762126505375,0.011904762126505375,0.1130952388048172
Asp,Val,59,0.06497175246477127,0.005649717990309,0.03672316297888756,0.050847459584474564
Asp,Ile,88,0.034090910106897354,0.017045455053448677,0.018939394503831863,0.022727273404598236
Asp,Leu,52,0.07371795177459717,0.012820512987673283,0.012820512987673283,0.05128205195069313
Gln,Asn,20,0.00833333283662796,0.00833333283662796,0.00833333283662796,0.0416666679084301
Gln,Asp,7,0.0714285746216774,0.0,0.0,0.0
Gln,Gln,16,0.0729166641831398,0.010416666977107525,0.010416666977107525,0.0208333320915699
Gln,Glu,19,0.09649122506380081,0.017543859779834747,0.09649122506380081,0.017543859779834747
Gln,His,11,0.04545454680919647,0.015151514671742916,0.015151514671742916,0.015151514671742916
Gln,Lys,5,0.06666667014360428,0.0,0.06666667014360428,0.0
Gln,Arg,13,0.025641025975346565,0.0,0.0,0.012820512987673283
Gln,Phe,22,0.05303030461072922,0.022727273404598236,0.015151514671742916,0.0
Gln,Tyr,28,0.0654761865735054,0.02976190485060215,0.02380952425301075,0.0416666679084301
Gln,Trp,49,0.027210883796215057,0.010204082354903221,0.013605441898107529,0.027210883796215057
Gln,Cys,52,0.0416666679084301,0.009615384973585606,0.025641025975346565,0.038461536169052124
Gln,Met,33,0.04040404036641121,0.010101010091602802,0.0,0.015151514671742916
Gln,Ser,39,0.05128205195069313,0.021367520093917847,0.05982905998826027,0.025641025975346565
Gln,Thr,89,0.03745318576693535,0.009363296441733837,0.02247191034257412,0.026217227801680565
Gln,Ala,31,0.09139785170555115,0.037634409964084625,0.04301075264811516,0.06451612710952759
Gln,Gly,32,0.125,0.0208333320915699,0.0416666679084301,0.03125
Gln,Pro,13,0.10256410390138626,0.038461536169052124,0.07692307978868484,0.08974359184503555
Gln,Val,25,0.05999999865889549,0.006666666828095913,0.03333333134651184,0.013333332724869251
Gln,Ile,149,0.07046979665756226,0.014541386626660824,0.02348993346095085,0.0615212544798851
Gln,Leu,33,0.08080808073282242,0.015151514671742916,0.035353533923625946,0.035353533923625946
Glu,Asn,21,0.0317460335791111,0.02380952425301075,0.0,0.0
Glu,Asp,36,0.06018518656492233,0.009259259328246117,0.018518518656492233,0.046296294778585434
Glu,Gln,37,0.009009009227156639,0.013513513840734959,0.022522522136569023,0.004504505079239607
Glu,Glu,24,0.0347222201526165,0.0069444440305233,0.0069444440305233,0.02777777798473835
Glu,His,57,0.10233917832374573,0.011695905588567257,0.04093567281961441,0.07309941202402115
Glu,Lys,593,0.04749859496951103,0.018268689513206482,0.02304665558040142,0.054806072264909744
Glu,Arg,18,0.009259259328246117,0.009259259328246117,0.0,0.009259259328246117
Glu,Phe,29,0.09770114719867706,0.01149425283074379,0.02298850566148758,0.04597701132297516
Glu,Tyr,140,0.19404761493206024,0.0071428571827709675,0.0535714291036129,0.12023809552192688
Glu,Trp,73,0.031963471323251724,0.02283105067908764,0.034246575087308884,0.04337899386882782
Glu,Cys,178,0.07584269344806671,0.01591760292649269,0.026217227801680565,0.04400749132037163
Glu,Met,20,0.05833333358168602,0.01666666753590107,0.00833333283662796,0.00833333283662796
Glu,Ser,212,0.0628930851817131,0.028301887214183807,0.03694968670606613,0.032232705503702164
Glu,Thr,16,0.2395833283662796,0.1041666641831398,0.125,0.1875
Glu,Ala,13,0.012820512987673283,0.0,0.012820512987673283,0.05128205195069313
Glu,Gly,64,0.03125,0.013020833022892475,0.013020833022892475,0.0260416679084301
Glu,Pro,20,0.05000000074505806,0.00833333283662796,0.0,0.03333333134651184
Glu,Val,26,0.05128205195069313,0.05128205195069313,0.006410256028175354,0.07051282376050949
Glu,Ile,25,0.05999999865889549,0.019999999552965164,0.07333333045244217,0.08666666597127914
Glu,Leu,42,0.095238097012043,0.0436507947742939,0.0317460335791111,0.0436507947742939
His,Asn,13,0.0,0.0,0.0,0.025641025975346565
His,Asp,14,0.095238097012043,0.011904762126505375,0.02380952425301075,0.0476190485060215
His,Gln,4,0.0,0.0416666679084301,0.0,0.0
His,Glu,1,0.0,0.0,0.0,0.0
His,His,2,0.0,0.0,0.0,0.0
His,Lys,0,0.0,0.0,0.0,0.0
His,Arg,34,0.09313725680112839,0.0049019609577953815,0.04901960864663124,0.06372548639774323
His,Phe,15,0.02222222276031971,0.011111111380159855,0.011111111380159855,0.0
His,Tyr,14,0.0595238097012043,0.02380952425301075,0.0357142873108387,0.0357142873108387
His,Trp,133,0.15789473056793213,0.01879699155688286,0.04385964944958687,0.08646616339683533
His,Cys,6,0.0555555559694767,0.02777777798473835,0.1388888955116272,0.0555555559694767
His,Met,2,0.5,0.3333333432674408,0.25,0.3333333432674408
His,Ser,24,0.0486111119389534,0.0347222201526165,0.0347222201526165,0.0069444440305233
His,Thr,0,0.0,0.0,0.0,0.0
His,Ala,19,0.02631578966975212,0.0,0.008771929889917374,0.0
His,Gly,51,0.04248366132378578,0.019607843831181526,0.026143791154026985,0.03267974033951759
His,Pro,0,0.0,0.0,0.0,0.0
His,Val,36,0.0972222238779068,0.013888888992369175,0.032407406717538834,0.046296294778585434
His,Ile,0,0.0,0.0,0.0,0.0
His,Leu,73,0.0388127863407135,0.006849315017461777,0.0388127863407135,0.00913241971284151
Lys,Asn,279,0.051373954862356186,0.02031063288450241,0.02150537632405758,0.038231778889894485
Lys,Asp,19,0.05263157933950424,0.008771929889917374,0.10526315867900848,0.035087719559669495
Lys,Gln,4,0.0,0.0416666679084301,0.0,0.0
Lys,Glu,46,0.028985507786273956,0.047101449221372604,0.032608695328235626,0.025362318381667137
Lys,His,15,0.011111111380159855,0.0,0.0,0.011111111380159855
Lys,Lys,9,0.018518518656492233,0.0,0.018518518656492233,0.0
Lys,Arg,19,0.1666666716337204,0.017543859779834747,0.008771929889917374,0.14035087823867798
Lys,Phe,26,0.13461539149284363,0.03205128014087677,0.0833333358168602,0.0833333358168602
Lys,Tyr,9,0.20370370149612427,0.07407407462596893,0.03703703731298447,0.07407407462596893
Lys,Trp,14,0.011904762126505375,0.011904762126505375,0.0,0.011904762126505375
Lys,Cys,36,0.1805555522441864,0.018518518656492233,0.1388888955116272,0.10185185074806213
Lys,Met,12,0.069444440305233,0.013888888992369175,0.0972222238779068,0.0416666679084301
Lys,Ser,100,0.061666667461395264,0.011666666716337204,0.023333333432674408,0.029999999329447746
Lys,Thr,19,0.07017543911933899,0.061403509229421616,0.08771929889917374,0.10526315867900848
Lys,Ala,106,0.05817610025405884,0.012578615918755531,0.015723269432783127,0.03616352379322052
Lys,Gly,33,0.14141413569450378,0.07070706784725189,0.09595959633588791,0.09090909361839294
Lys,Pro,20,0.09166666865348816,0.00833333283662796,0.00833333283662796,0.03333333134651184
Lys,Val,29,0.09195402264595032,0.01149425283074379,0.028735632076859474,0.028735632076859474
Lys,Ile,34,0.1568627506494522,0.04901960864663124,0.12745097279548645,0.0882352963089943
Lys,Leu,283,0.05477031692862511,0.01295641902834177,0.030035335570573807,0.040047112852334976
Arg,Asn,134,0.02985074557363987,0.013681592419743538,0.019900498911738396,0.03855721279978752
Arg,Asp,42,0.0396825410425663,0.007936508394777775,0.02777777798473835,0.0396825410425663
Arg,Gln,135,0.09259258955717087,0.018518518656492233,0.02222222276031971,0.03950617462396622
Arg,Glu,23,0.06521739065647125,0.028985507786273956,0.0,0.043478261679410934
Arg,His,20,0.09166666865348816,0.01666666753590107,0.00833333283662796,0.06666667014360428
Arg,Lys,62,0.045698925852775574,0.008064515888690948,0.016129031777381897,0.029569892212748528
Arg,Arg,244,0.06898906826972961,0.02117486298084259,0.03893442451953888,0.05806010961532593
Arg,Phe,50,0.08666666597127914,0.019999999552965164,0.04333333298563957,0.0533333346247673
Arg,Tyr,128,0.0533854179084301,0.0078125,0.0234375,0.0260416679084301
Arg,Trp,98,0.06462585180997849,0.030612245202064514,0.03741496428847313,0.06122449040412903
Arg,Cys,41,0.1463414579629898,0.03252032399177551,0.13821138441562653,0.13008129596710205
Arg,Met,208,0.03044871799647808,0.009615384973585606,0.027243589982390404,0.025641025975346565
Arg,Ser,374,0.06461675465106964,0.016488414257764816,0.03787878900766373,0.028520498424768448
Arg,Thr,100,0.06833333522081375,0.018333332613110542,0.02500000037252903,0.03333333134651184
Arg,Ala,168,0.0882936492562294,0.01587301678955555,0.0317460335791111,0.0396825410425663
Arg,Gly,194,0.034364260733127594,0.015463918447494507,0.016323024407029152,0.029209621250629425
Arg,Pro,211,0.07266982644796371,0.022116903215646744,0.03159557655453682,0.035545025020837784
Arg,Val,294,0.1269841343164444,0.018707482144236565,0.03231292590498924,0.06065759435296059
Arg,Ile,119,0.05742296949028969,0.019607843831181526,0.03361344337463379,0.016806723549962044
Arg,Leu,329,0.09118541330099106,0.012664640322327614,0.04204660654067993,0.05521783232688904
Phe,Asn,8,0.0,0.0,0.0,0.0208333320915699
Phe,Asp,7,0.0714285746216774,0.02380952425301075,0.02380952425301075,0.0714285746216774
Phe,Gln,2,0.0,0.0,0.0,0.0
Phe,Glu,0,0.0,0.0,0.0,0.0
Phe,His,36,0.07870370149612427,0.013888888992369175,0.023148147389292717,0.03703703731298447
Phe,Lys,27,0.07407407462596893,0.03086419776082039,0.018518518656492233,0.02469135820865631
Phe,Arg,96,0.118055559694767,0.0434027798473835,0.0399305559694767,0.102430559694767
Phe,Phe,33,0.06565656512975693,0.020202020183205605,0.05050504952669144,0.06565656512975693
Phe,Tyr,38,0.01315789483487606,0.008771929889917374,0.004385964944958687,0.017543859779834747
Phe,Trp,42,0.0357142873108387,0.007936508394777775,0.02777777798473835,0.01984127052128315
Phe,Cys,22,0.09090909361839294,0.007575757801532745,0.022727273404598236,0.04545454680919647
Phe,Met,2,0.25,0.0,0.0833333358168602,0.1666666716337204
Phe,Ser,84,0.01785714365541935,0.007936508394777775,0.0317460335791111,0.02380952425301075
Phe,Thr,12,0.2222222238779068,0.0,0.1388888955116272,0.0833333358168602
Phe,Ala,44,0.22727273404598236,0.0416666679084301,0.09090909361839294,0.11363636702299118
Phe,Gly,21,0.0317460335791111,0.0,0.01587301678955555,0.02380952425301075
Phe,Pro,64,0.109375,0.0286458320915699,0.0546875,0.0572916679084301
Phe,Val,66,0.07323232293128967,0.007575757801532745,0.012626263312995434,0.035353533923625946
Phe,Ile,102,0.060457516461610794,0.016339868307113647,0.019607843831181526,0.04901960864663124
Phe,Leu,428,0.04828660562634468,0.0190809965133667,0.02258566953241825,0.029595015570521355
Tyr,Asn,26,0.038461536169052124,0.006410256028175354,0.012820512987673283,0.025641025975346565
Tyr,Asp,26,0.038461536169052124,0.019230768084526062,0.012820512987673283,0.006410256028175354
Tyr,Gln,6,0.0833333358168602,0.0,0.02777777798473835,0.02777777798473835
Tyr,Glu,19,0.12280701845884323,0.008771929889917374,0.035087719559669495,0.035087719559669495
Tyr,His,9,0.1666666716337204,0.018518518656492233,0.1666666716337204,0.12962962687015533
Tyr,Lys,5,0.03333333134651184,0.03333333134651184,0.0,0.0
Tyr,Arg,146,0.12442922592163086,0.0251141544431448,0.04566210135817528,0.10159817337989807
Tyr,Phe,32,0.2395833283662796,0.0729166641831398,0.046875,0.1458333283662796
Tyr,Tyr,16,0.0208333320915699,0.0,0.010416666977107525,0.010416666977107525
Tyr,Trp,49,0.08843537420034409,0.0,0.013605441898107529,0.03741496428847313
Tyr,Cys,10,0.03333333134651184,0.01666666753590107,0.0,0.03333333134651184
Tyr,Met,12,0.0,0.0,0.0,0.013888888992369175
Tyr,Ser,78,0.10683760792016983,0.019230768084526062,0.04273504391312599,0.06837606430053711
Tyr,Thr,42,0.1071428582072258,0.01984127052128315,0.01587301678955555,0.0833333358168602
Tyr,Ala,26,0.07692307978868484,0.019230768084526062,0.057692307978868484,0.03205128014087677
Tyr,Gly,35,0.05238095298409462,0.03809523954987526,0.03333333134651184,0.04285714402794838
Tyr,Pro,45,0.10370370745658875,0.011111111380159855,0.03333333134651184,0.040740739554166794
Tyr,Val,16,0.0625,0.03125,0.0,0.0208333320915699
Tyr,Ile,18,0.18518517911434174,0.018518518656492233,0.046296294778585434,0.09259258955717087
Tyr,Leu,72,0.05092592537403107,0.009259259328246117,0.02777777798473835,0.04398148134350777
Trp,Asn,25,0.14000000059604645,0.03333333134651184,0.1066666692495346,0.03999999910593033
Trp,Asp,31,0.06989247351884842,0.01075268816202879,0.005376344081014395,0.04838709533214569
Trp,Gln,13,0.038461536169052124,0.0,0.025641025975346565,0.038461536169052124
Trp,Glu,27,0.0555555559694767,0.012345679104328156,0.0,0.03086419776082039
Trp,His,16,0.0208333320915699,0.0,0.0520833320915699,0.0208333320915699
Trp,Lys,4,0.0,0.0,0.0,0.0
Trp,Arg,66,0.08838383853435516,0.04545454680919647,0.06313131004571915,0.07323232293128967
Trp,Phe,86,0.12596899271011353,0.03682170435786247,0.0910852700471878,0.0949612408876419
Trp,Tyr,477,0.03633822500705719,0.01712089404463768,0.026205450296401978,0.027253668755292892
Trp,Trp,116,0.07040230184793472,0.01867816038429737,0.0071839080192148685,0.03304597735404968
Trp,Cys,52,0.048076923936605453,0.003205128014087677,0.028846153989434242,0.028846153989434242
Trp,Met,11,0.07575757801532745,0.015151514671742916,0.04545454680919647,0.09090909361839294
Trp,Ser,114,0.0628654956817627,0.007309942040592432,0.049707602709531784,0.03947368264198303
Trp,Thr,28,0.130952388048172,0.0059523810632526875,0.0357142873108387,0.0654761865735054
Trp,Ala,59,0.06779661029577255,0.016949152573943138,0.0451977401971817,0.03954802453517914
Trp,Gly,93,0.02867383509874344,0.0197132620960474,0.02688172087073326,0.02150537632405758
Trp,Pro,11,0.09090909361839294,0.0,0.0,0.10606060922145844
Trp,Val,12,0.0555555559694767,0.013888888992369175,0.013888888992369175,0.013888888992369175
Trp,Ile,16,0.0833333358168602,0.0208333320915699,0.010416666977107525,0.0416666679084301
Trp,Leu,81,0.10493826866149902,0.03292180970311165,0.039094649255275726,0.039094649255275726
Cys,Asn,27,0.04938271641731262,0.03086419776082039,0.04938271641731262,0.03703703731298447
Cys,Asp,16,0.03125,0.010416666977107525,0.010416666977107525,0.0520833320915699
Cys,Gln,45,0.1111111119389534,0.011111111380159855,0.025925926864147186,0.07037036865949631
Cys,Glu,32,0.0260416679084301,0.046875,0.005208333022892475,0.046875
Cys,His,49,0.05102040618658066,0.010204082354903221,0.0476190485060215,0.03741496428847313
Cys,Lys,11,0.13636364042758942,0.04545454680919647,0.12121211737394333,0.09090909361839294
Cys,Arg,369,0.07994580268859863,0.016260163858532906,0.020325202494859695,0.06820234656333923
Cys,Phe,44,0.018939394503831863,0.015151514671742916,0.011363635770976543,0.011363635770976543
Cys,Tyr,68,0.13970588147640228,0.014705882407724857,0.0416666679084301,0.05637254938483238
Cys,Trp,18,0.03703703731298447,0.009259259328246117,0.018518518656492233,0.0
Cys,Cys,52,0.08653846383094788,0.016025640070438385,0.038461536169052124,0.07371795177459717
Cys,Met,9,0.09259258955717087,0.018518518656492233,0.018518518656492233,0.03703703731298447
Cys,Ser,29,0.08620689809322357,0.0057471259497106075,0.1034482792019844,0.0517241396009922
Cys,Thr,27,0.04938271641731262,0.006172840017825365,0.0,0.043209876865148544
Cys,Ala,31,0.06451612710952759,0.01075268816202879,0.04838709533214569,0.037634409964084625
Cys,Gly,53,0.04716981202363968,0.01886792480945587,0.03773584961891174,0.03144654259085655
Cys,Pro,15,0.13333334028720856,0.0,0.12222222238779068,0.08888889104127884
Cys,Val,35,0.05714285746216774,0.004761904943734407,0.009523809887468815,0.0476190485060215
Cys,Ile,48,0.0381944440305233,0.010416666977107525,0.013888888992369175,0.0243055559694767
Cys,Leu,31,0.06989247351884842,0.02150537632405758,0.032258063554763794,0.04838709533214569
Met,Asn,107,0.17133955657482147,0.03894080966711044,0.09501557797193527,0.10747663676738739
Met,Asp,23,0.07971014827489853,0.0,0.021739130839705467,0.007246376946568489
Met,Gln,7,0.095238097012043,0.02380952425301075,0.0476190485060215,0.1666666716337204
Met,Glu,12,0.0972222238779068,0.0,0.0,0.02777777798473835
Met,His,188,0.09929078072309494,0.021276595070958138,0.01595744676887989,0.04609929025173187
Met,Lys,58,0.06609195470809937,0.02298850566148758,0.03735632076859474,0.06034482643008232
Met,Arg,18,0.0555555559694767,0.0,0.03703703731298447,0.0555555559694767
Met,Phe,24,0.0486111119389534,0.0347222201526165,0.013888888992369175,0.0347222201526165
Met,Tyr,38,0.07894736528396606,0.04385964944958687,0.061403509229421616,0.021929824724793434
Met,Trp,589,0.04216185584664345,0.01952461712062359,0.02292020432651043,0.02574985846877098
Met,Cys,45,0.07037036865949631,0.02222222276031971,0.02222222276031971,0.0037037041038274765
Met,Met,20,0.05000000074505806,0.01666666753590107,0.03333333134651184,0.03333333134651184
Met,Ser,79,0.06962025165557861,0.018987342715263367,0.04219409450888634,0.03375527262687683
Met,Thr,74,0.06531531363725662,0.029279278591275215,0.020270269364118576,0.054054055362939835
Met,Ala,178,0.11235955357551575,0.033707864582538605,0.06928838789463043,0.07209737598896027
Met,Gly,21,0.1190476194024086,0.007936508394777775,0.0634920597076416,0.007936508394777775
Met,Pro,28,0.0595238097012043,0.0059523810632526875,0.0535714291036129,0.02380952425301075
Met,Val,33,0.035353533923625946,0.020202020183205605,0.04040404036641121,0.04040404036641121
Met,Ile,33,0.020202020183205605,0.010101010091602802,0.005050505045801401,0.0
Met,Leu,63,0.07407407462596893,0.010582011193037033,0.0396825410425663,0.0476190485060215
Ser,Asn,167,0.08982036262750626,0.020958084613084793,0.06387225538492203,0.05289421230554581
Ser,Asp,227,0.06167401000857353,0.021292217075824738,0.029368575662374496,0.049192365258932114
Ser,Gln,23,0.036231882870197296,0.007246376946568489,0.007246376946568489,0.021739130839705467
Ser,Glu,83,0.05622490122914314,0.014056225307285786,0.048192769289016724,0.02409638650715351
Ser,His,16,0.0625,0.0833333358168602,0.03125,0.0833333358168602
Ser,Lys,81,0.14403292536735535,0.03086419776082039,0.08024691045284271,0.1213991791009903
Ser,Arg,69,0.06280193477869034,0.01207729522138834,0.028985507786273956,0.050724636763334274
Ser,Phe,70,0.0833333358168602,0.02857142873108387,0.02142857015132904,0.06428571045398712
Ser,Tyr,128,0.0625,0.010416666977107525,0.0481770820915699,0.0481770820915699
Ser,Trp,122,0.08060109615325928,0.00956284161657095,0.015027321875095367,0.04781420901417732
Ser,Cys,53,0.0974842756986618,0.009433962404727936,0.015723269432783127,0.09119497239589691
Ser,Met,53,0.07232704758644104,0.025157233700156212,0.01886792480945587,0.028301887214183807
Ser,Ser,206,0.08414239436388016,0.027508091181516647,0.08171521127223969,0.05420712009072304
Ser,Thr,65,0.11538461595773697,0.03076923079788685,0.09743589907884598,0.10000000149011612
Ser,Ala,184,0.06159420311450958,0.014492753893136978,0.03079710155725479,0.04257246479392052
Ser,Gly,291,0.12027491629123688,0.018327606841921806,0.05784650519490242,0.07617411017417908
Ser,Pro,44,0.03787878900766373,0.022727273404598236,0.02651515230536461,0.0416666679084301
Ser,Val,57,0.03801169618964195,0.008771929889917374,0.002923977095633745,0.008771929889917374
Ser,Ile,119,0.14845938980579376,0.015406161546707153,0.030812324956059456,0.05882352963089943
Ser,Leu,134,0.07338308542966843,0.008706468157470226,0.011194029822945595,0.04726368188858032
Thr,Asn,30,0.1388888955116272,0.03333333134651184,0.08888889104127884,0.06666667014360428
Thr,Asp,20,0.05000000074505806,0.00833333283662796,0.01666666753590107,0.0416666679084301
Thr,Gln,8,0.0,0.0208333320915699,0.0208333320915699,0.0208333320915699
Thr,Glu,150,0.07111111283302307,0.005555556155741215,0.025555556640028954,0.03222222253680229
Thr,His,40,0.05000000074505806,0.01666666753590107,0.02916666679084301,0.02916666679084301
Thr,Lys,2,0.1666666716337204,0.25,0.4166666567325592,0.25
Thr,Arg,58,0.06321839243173599,0.028735632076859474,0.06034482643008232,0.04597701132297516
Thr,Phe,61,0.06284152716398239,0.016393443569540977,0.02185792289674282,0.032786883413791656
Thr,Tyr,13,0.012820512987673283,0.012820512987673283,0.025641025975346565,0.05128205195069313
Thr,Trp,112,0.0342261902987957,0.013392857275903225,0.0386904776096344,0.02976190485060215
Thr,Cys,65,0.11794871836900711,0.010256409645080566,0.023076923564076424,0.08461538702249527
Thr,Met,17,0.0882352963089943,0.019607843831181526,0.06862745434045792,0.06862745434045792
Thr,Ser,155,0.07096774131059647,0.006451612804085016,0.017204301431775093,0.03010752610862255
Thr,Thr,20,0.05000000074505806,0.01666666753590107,0.0416666679084301,0.09166666865348816
Thr,Ala,18,0.06481481343507767,0.0,0.03703703731298447,0.009259259328246117
Thr,Gly,206,0.06148867309093475,0.018608413636684418,0.029126213863492012,0.04207119718194008
Thr,Pro,6,0.1666666716337204,0.1944444477558136,0.2222222238779068,0.25
Thr,Val,23,0.06521739065647125,0.007246376946568489,0.0,0.06521739065647125
Thr,Ile,36,0.09259258955717087,0.004629630129784346,0.023148147389292717,0.1527777761220932
Thr,Leu,33,0.08585858345031738,0.020202020183205605,0.07575757801532745,0.08080808073282242
Ala,Asn,27,0.012345679104328156,0.006172840017825365,0.006172840017825365,0.03703703731298447
Ala,Asp,31,0.05376344174146652,0.0,0.0,0.01075268816202879
Ala,Gln,22,0.14393939077854156,0.0,0.09090909361839294,0.09848485141992569
Ala,Glu,22,0.09090909361839294,0.007575757801532745,0.04545454680919647,0.022727273404598236
Ala,His,48,0.01736111007630825,0.0243055559694767,0.03125,0.013888888992369175
Ala,Lys,29,0.04597701132297516,0.0,0.01149425283074379,0.01149425283074379
Ala,Arg,142,0.051643192768096924,0.023474177345633507,0.0422535203397274,0.035211268812417984
Ala,Phe,61,0.08743169158697128,0.027322404086589813,0.027322404086589813,0.06284152716398239
Ala,Tyr,91,0.04029304161667824,0.009157508611679077,0.02380952425301075,0.03113553114235401
Ala,Trp,16,0.1354166716337204,0.0729166641831398,0.03125,0.0729166641831398
Ala,Cys,68,0.14460784196853638,0.03186274319887161,0.09313725680112839,0.061274509876966476
Ala,Met,20,0.10833333432674408,0.01666666753590107,0.09166666865348816,0.13333334028720856
Ala,Ser,210,0.13253968954086304,0.04047619178891182,0.06507936865091324,0.06587301939725876
Ala,Thr,180,0.05462963134050369,0.013888888992369175,0.01666666753590107,0.03055555559694767
Ala,Ala,232,0.11278735846281052,0.017959769815206528,0.04238505661487579,0.035919539630413055
Ala,Gly,94,0.058510638773441315,0.012411347590386868,0.05496453866362572,0.026595745235681534
Ala,Pro,20,0.10833333432674408,0.00833333283662796,0.02500000037252903,0.03333333134651184
Ala,Val,54,0.06172839552164078,0.012345679104328156,0.02469135820865631,0.0555555559694767
Ala,Ile,98,0.040816325694322586,0.006802720949053764,0.020408162847161293,0.030612245202064514
Ala,Leu,52,0.10897435992956161,0.006410256028175354,0.016025640070438385,0.06730768829584122
Gly,Asn,129,0.08268734067678452,0.006459948141127825,0.04651162773370743,0.03875968977808952
Gly,Asp,31,0.037634409964084625,0.02150537632405758,0.037634409964084625,0.005376344081014395
Gly,Gln,130,0.060256410390138626,0.015384615398943424,0.03717948868870735,0.041025642305612564
Gly,Glu,62,0.06451612710952759,0.008064515888690948,0.01075268816202879,0.016129031777381897
Gly,His,38,0.07017543911933899,0.01315789483487606,0.008771929889917374,0.05701754242181778
Gly,Lys,118,0.0833333358168602,0.015536722727119923,0.03672316297888756,0.10593220591545105
Gly,Arg,160,0.1145833358168602,0.04583333432674408,0.07083333283662796,0.08541666716337204
Gly,Phe,118,0.04661016911268234,0.016949152573943138,0.031073445454239845,0.04802259802818298
Gly,Tyr,139,0.06235012039542198,0.019184652715921402,0.03357313945889473,0.025179855525493622
Gly,Trp,104,0.03044871799647808,0.016025640070438385,0.006410256028175354,0.027243589982390404
Gly,Cys,110,0.08787878602743149,0.00909090880304575,0.06060606241226196,0.06515151262283325
Gly,Met,45,0.1111111119389534,0.011111111380159855,0.06296296417713165,0.06296296417713165
Gly,Ser,268,0.07089552283287048,0.024875622242689133,0.026119403541088104,0.03109452687203884
Gly,Thr,152,0.04057017341256142,0.02631578966975212,0.042763158679008484,0.03947368264198303
Gly,Ala,90,0.040740739554166794,0.014814814552664757,0.02777777798473835,0.03333333134651184
Gly,Gly,164,0.06808943301439285,0.009146341122686863,0.026422763243317604,0.04573170840740204
Gly,Pro,94,0.10815602540969849,0.019503546878695488,0.039007093757390976,0.04787233844399452
Gly,Val,266,0.04511278122663498,0.014411027543246746,0.030075188726186752,0.036340851336717606
Gly,Ile,67,0.034825872629880905,0.004975123796612024,0.042288556694984436,0.032338306307792664
Gly,Leu,236,0.0762711837887764,0.015536722727119923,0.01836158148944378,0.0346045196056366
Pro,Asn,36,0.013888888992369175,0.0,0.046296294778585434,0.032407406717538834
Pro,Asp,40,0.04583333432674408,0.01666666753590107,0.00833333283662796,0.0208333320915699
Pro,Gln,30,0.03333333134651184,0.011111111380159855,0.04444444552063942,0.03333333134651184
Pro,Glu,26,0.05128205195069313,0.044871795922517776,0.038461536169052124,0.03205128014087677
Pro,His,11,0.04545454680919647,0.04545454680919647,0.0,0.015151514671742916
Pro,Lys,59,0.15536722540855408,0.02259887009859085,0.03672316297888756,0.09887005388736725
Pro,Arg,30,0.05000000074505806,0.011111111380159855,0.02777777798473835,0.03333333134651184
Pro,Phe,79,0.10759493708610535,0.01054852269589901,0.02109704539179802,0.04641350358724594
Pro,Tyr,24,0.013888888992369175,0.0208333320915699,0.0,0.0208333320915699
Pro,Trp,24,0.069444440305233,0.013888888992369175,0.0555555559694767,0.02777777798473835
Pro,Cys,32,0.010416666977107525,0.010416666977107525,0.015625,0.010416666977107525
Pro,Met,31,0.09139785170555115,0.016129031777381897,0.02688172087073326,0.059139784425497055
Pro,Ser,183,0.04098360612988472,0.016393443569540977,0.016393443569540977,0.0191256832331419
Pro,Thr,103,0.06796116381883621,0.024271845817565918,0.024271845817565918,0.03236246109008789
Pro,Ala,67,0.049751244485378265,0.009950249455869198,0.06716418266296387,0.04477611929178238
Pro,Gly,27,0.1111111119389534,0.006172840017825365,0.04938271641731262,0.06790123134851456
Pro,Pro,31,0.10215053707361221,0.016129031777381897,0.08064515888690948,0.02688172087073326
Pro,Val,46,0.13768115639686584,0.018115941435098648,0.050724636763334274,0.05797101557254791
Pro,Ile,83,0.1726907640695572,0.01807228848338127,0.01606425642967224,0.0662650614976883
Pro,Leu,96,0.0486111119389534,0.005208333022892475,0.015625,0.0225694440305233
Val,Asn,140,0.0595238097012043,0.02380952425301075,0.03333333134651184,0.05119047686457634
Val,Asp,211,0.04028436169028282,0.019747234880924225,0.02685623988509178,0.02685623988509178
Val,Gln,12,0.1111111119389534,0.013888888992369175,0.125,0.069444440305233
Val,Glu,126,0.08068782836198807,0.009259259328246117,0.04100529104471207,0.04894179850816727
Val,His,16,0.0625,0.010416666977107525,0.0833333358168602,0.0520833320915699
Val,Lys,36,0.07870370149612427,0.013888888992369175,0.032407406717538834,0.0416666679084301
Val,Arg,179,0.054934822022914886,0.02793296054005623,0.03817504644393921,0.04655493423342705
Val,Phe,287,0.06271777302026749,0.01974448375403881,0.03193960338830948,0.041231125593185425
Val,Tyr,67,0.05223880708217621,0.014925372786819935,0.03980099409818649,0.034825872629880905
Val,Trp,92,0.050724636763334274,0.009057970717549324,0.03079710155725479,0.027173912152647972
Val,Cys,92,0.04528985545039177,0.012681159190833569,0.018115941435098648,0.012681159190833569
Val,Met,199,0.12227805703878403,0.014237855561077595,0.03350083902478218,0.06281407177448273
Val,Ser,371,0.07637017220258713,0.015723269432783127,0.04582210257649422,0.04716981202363968
Val,Thr,161,0.04968944191932678,0.008281572721898556,0.04037266969680786,0.03209109604358673
Val,Ala,128,0.0755208358168602,0.010416666977107525,0.04296875,0.0416666679084301
Val,Gly,94,0.10992907732725143,0.014184396713972092,0.06205673888325691,0.04609929025173187
Val,Pro,84,0.0634920597076416,0.01785714365541935,0.01587301678955555,0.0436507947742939
Val,Val,118,0.06214689463376999,0.01977401040494442,0.04096045345067978,0.04096045345067978
Val,Ile,123,0.07046070694923401,0.0067750681191682816,0.0379403792321682,0.03658536449074745
Val,Leu,180,0.12777778506278992,0.01666666753590107,0.018518518656492233,0.04537037014961243
Ile,Asn,6,0.0833333358168602,0.1388888955116272,0.02777777798473835,0.2222222238779068
Ile,Asp,22,0.07575757801532745,0.007575757801532745,0.015151514671742916,0.007575757801532745
Ile,Gln,0,0.0,0.0,0.0,0.0
Ile,Glu,23,0.050724636763334274,0.014492753893136978,0.014492753893136978,0.007246376946568489
Ile,His,15,0.02222222276031971,0.011111111380159855,0.011111111380159855,0.011111111380159855
Ile,Lys,5,0.13333334028720856,0.03333333134651184,0.06666667014360428,0.03333333134651184
Ile,Arg,298,0.027404921129345894,0.013982103206217289,0.014541386626660824,0.021812081336975098
Ile,Phe,64,0.046875,0.015625,0.0078125,0.03125
Ile,Tyr,23,0.07246376574039459,0.021739130839705467,0.014492753893136978,0.014492753893136978
Ile,Trp,151,0.055187638849020004,0.01986755058169365,0.01986755058169365,0.040838852524757385
Ile,Cys,46,0.047101449221372604,0.0036231880076229572,0.032608695328235626,0.032608695328235626
Ile,Met,5,0.03333333134651184,0.0,0.0,0.03333333134651184
Ile,Ser,57,0.05263157933950424,0.03216374292969704,0.04385964944958687,0.017543859779834747
Ile,Thr,155,0.0462365597486496,0.01075268816202879,0.03870967775583267,0.04516128823161125
Ile,Ala,12,0.0416666679084301,0.0416666679084301,0.0,0.02777777798473835
Ile,Gly,75,0.0533333346247673,0.017777778208255768,0.031111111864447594,0.03999999910593033
Ile,Pro,103,0.12783171236515045,0.025889968499541283,0.04530744254589081,0.058252427726984024
Ile,Val,5,0.06666667014360428,0.23333333432674408,0.0,0.20000000298023224
Ile,Ile,11,0.12121211737394333,0.030303029343485832,0.12121211737394333,0.10606060922145844
Ile,Leu,69,0.13285024464130402,0.019323671236634254,0.043478261679410934,0.07246376574039459
Leu,Asn,129,0.04134367033839226,0.012919897213578224,0.02067183516919613,0.02067183516919613
Leu,Asp,185,0.061261262744665146,0.010810811072587967,0.027927927672863007,0.030630631372332573
Leu,Gln,120,0.0555555559694767,0.01666666753590107,0.02222222276031971,0.05000000074505806
Leu,Glu,29,0.16091954708099365,0.04597701132297516,0.09770114719867706,0.14367815852165222
Leu,His,71,0.08685445785522461,0.0211267601698637,0.10093896836042404,0.061032865196466446
Leu,Lys,46,0.09782608598470688,0.010869565419852734,0.054347824305295944,0.0833333358168602
Leu,Arg,305,0.05136612057685852,0.018579235300421715,0.028961749747395515,0.040437158197164536
Leu,Phe,155,0.09677419066429138,0.02688172087073326,0.019354838877916336,0.047311827540397644
Leu,Tyr,82,0.04471544548869133,0.018292682245373726,0.024390244856476784,0.03455284610390663
Leu,Trp,28,0.0476190485060215,0.0,0.0,0.0654761865735054
Leu,Cys,74,0.06756756454706192,0.011261261068284512,0.018018018454313278,0.027027027681469917
Leu,Met,77,0.12554112076759338,0.021645022556185722,0.015151514671742916,0.08658009022474289
Leu,Ser,359,0.0645311027765274,0.014391829259693623,0.02646239660680294,0.03760445863008499
Leu,Thr,147,0.06575963646173477,0.006802720949053764,0.0317460335791111,0.04195011407136917
Leu,Ala,53,0.1037735864520073,0.025157233700156212,0.05974842980504036,0.10691823810338974
Leu,Gly,189,0.06966490298509598,0.017636684700846672,0.020282186567783356,0.051146384328603745
Leu,Pro,415,0.07228915393352509,0.015662651509046555,0.02811245061457157,0.03855421766638756
Leu,Val,93,0.08422938734292984,0.02150537632405758,0.0197132620960474,0.03405017778277397
Leu,Ile,356,0.13810861110687256,0.021067416295409203,0.012640449218451977,0.038857679814100266
Leu,Leu,236,0.125,0.01836158148944378,0.02330508455634117,0.05720338970422745
